input_tokens,output_tokens,reasoning_tokens,cached_tokens,total_time,prefill_latency,token_latencies
1047,2,0,0,0.5877811908721924,0.5701467990875244,[0.5701467990875244]
1047,2,0,0,0.3083646297454834,0.30501508712768555,[0.30501508712768555]
1047,2,0,0,0.26915645599365234,0.265897274017334,[0.265897274017334]
1047,2,0,0,0.6307854652404785,0.6303372383117676,[0.6303372383117676]
1047,2,0,0,0.4386930465698242,0.4371631145477295,[0.4371631145477295]
1047,2,0,0,0.5511810779571533,0.5486984252929688,[0.5486984252929688]
1047,2,0,0,0.5072011947631836,0.5069482326507568,[0.5069482326507568]
1047,2,0,0,0.3692159652709961,0.36568522453308105,[0.36568522453308105]
1047,2,0,0,0.28009772300720215,0.2758297920227051,[0.2758297920227051]
1047,2,0,0,0.26726245880126953,0.2613224983215332,[0.2613224983215332]
1047,2,0,0,0.2754349708557129,0.27010035514831543,[0.27010035514831543]
1047,2,0,0,0.3499469757080078,0.3465709686279297,[0.3465709686279297]
1047,2,0,0,0.31925010681152344,0.31496119499206543,[0.31496119499206543]
1047,2,0,0,0.3224167823791504,0.3197774887084961,[0.3197774887084961]
1047,2,0,0,0.2902028560638428,0.28992772102355957,[0.28992772102355957]
1047,2,0,0,0.7260656356811523,0.7107055187225342,[0.7107055187225342]
1047,2,0,0,0.3819286823272705,0.38146162033081055,[0.38146162033081055]
1047,2,0,0,0.2995891571044922,0.29928159713745117,[0.29928159713745117]
1047,2,0,0,0.5291330814361572,0.5223886966705322,[0.5223886966705322]
1047,2,0,0,0.42583656311035156,0.42313456535339355,[0.42313456535339355]
1047,2,0,0,0.3160698413848877,0.31555747985839844,[0.31555747985839844]
1047,2,0,0,0.2724568843841553,0.26519250869750977,[0.26519250869750977]
1047,2,0,0,1.0693309307098389,1.063843011856079,[1.063843011856079]
1047,2,0,0,1.03584885597229,1.0354371070861816,[1.0354371070861816]
1047,2,0,0,0.2556769847869873,0.2523229122161865,[0.2523229122161865]
1047,2,0,0,0.31784868240356445,0.3173525333404541,[0.3173525333404541]
1047,2,0,0,0.4555995464324951,0.44219040870666504,[0.44219040870666504]
1047,2,0,0,0.35062241554260254,0.35018277168273926,[0.35018277168273926]
1047,2,0,0,0.2911667823791504,0.28583574295043945,[0.28583574295043945]
1047,2,0,0,0.3708350658416748,0.3614523410797119,[0.3614523410797119]
1047,2,0,0,0.2860593795776367,0.28357744216918945,[0.28357744216918945]
1047,2,0,0,1.0429582595825195,1.0357775688171387,[1.0357775688171387]
1047,2,0,0,0.3633880615234375,0.3598031997680664,[0.3598031997680664]
1047,2,0,0,0.2601172924041748,0.25557374954223633,[0.25557374954223633]
1047,2,0,0,0.9079239368438721,0.8974168300628662,[0.8974168300628662]
1047,2,0,0,0.30486011505126953,0.29950857162475586,[0.29950857162475586]
1047,2,0,0,0.3370943069458008,0.32163190841674805,[0.32163190841674805]
1047,2,0,0,0.37353515625,0.3702092170715332,[0.3702092170715332]
1047,2,0,0,0.37532758712768555,0.3695707321166992,[0.3695707321166992]
1047,2,0,0,0.3439056873321533,0.34110569953918457,[0.34110569953918457]
1047,2,0,0,0.28891849517822266,0.2853231430053711,[0.2853231430053711]
1047,2,0,0,0.29970455169677734,0.2975881099700928,[0.2975881099700928]
1047,2,0,0,0.47510576248168945,0.4712069034576416,[0.4712069034576416]
1047,2,0,0,0.298215389251709,0.2946631908416748,[0.2946631908416748]
1047,2,0,0,0.646775484085083,0.6404647827148438,[0.6404647827148438]
1047,2,0,0,0.39077115058898926,0.39034223556518555,[0.39034223556518555]
1047,2,0,0,0.30914735794067383,0.30452966690063477,[0.30452966690063477]
1047,2,0,0,0.6867239475250244,0.6825275421142578,[0.6825275421142578]
1047,2,0,0,0.5347001552581787,0.5344219207763672,[0.5344219207763672]
1047,2,0,0,0.36167430877685547,0.35101985931396484,[0.35101985931396484]
2041,2,0,0,0.2881901264190674,0.2873408794403076,[0.2873408794403076]
2041,2,0,0,0.32085394859313965,0.3145112991333008,[0.3145112991333008]
2041,2,0,0,0.3101222515106201,0.3075082302093506,[0.3075082302093506]
2041,2,0,0,0.35195493698120117,0.35161280632019043,[0.35161280632019043]
2041,2,0,0,0.30292654037475586,0.3009002208709717,[0.3009002208709717]
2041,2,0,0,0.30942702293395996,0.30304765701293945,[0.30304765701293945]
2041,2,0,0,0.32379150390625,0.3234686851501465,[0.3234686851501465]
2041,2,0,0,0.33238887786865234,0.3277256488800049,[0.3277256488800049]
2041,2,0,0,0.3935432434082031,0.39101195335388184,[0.39101195335388184]
2041,2,0,0,0.7538473606109619,0.7492444515228271,[0.7492444515228271]
2041,2,0,0,0.29345035552978516,0.2890629768371582,[0.2890629768371582]
2041,2,0,0,0.40071630477905273,0.3966209888458252,[0.3966209888458252]
2041,2,0,0,1.1837377548217773,1.1798717975616455,[1.1798717975616455]
2041,2,0,0,0.34517335891723633,0.31987714767456055,[0.31987714767456055]
2041,2,0,0,0.28130602836608887,0.2776772975921631,[0.2776772975921631]
2041,2,0,0,0.2725522518157959,0.2720954418182373,[0.2720954418182373]
2041,2,0,0,0.4607808589935303,0.45265746116638184,[0.45265746116638184]
2041,2,0,0,0.4276123046875,0.4217832088470459,[0.4217832088470459]
2041,2,0,0,0.337130069732666,0.3312795162200928,[0.3312795162200928]
2041,2,0,0,0.356708288192749,0.35257458686828613,[0.35257458686828613]
2041,2,0,0,0.2906050682067871,0.29021453857421875,[0.29021453857421875]
2041,2,0,0,0.494220495223999,0.48593997955322266,[0.48593997955322266]
2041,2,0,0,0.3503608703613281,0.3479743003845215,[0.3479743003845215]
2041,2,0,0,0.7714295387268066,0.763765811920166,[0.763765811920166]
2041,2,0,0,0.2933626174926758,0.2929866313934326,[0.2929866313934326]
2041,2,0,0,0.3456995487213135,0.33991146087646484,[0.33991146087646484]
2041,2,0,0,1.429262638092041,0.9416766166687012,[0.9416766166687012]
2041,2,0,0,0.32697463035583496,0.31783056259155273,[0.31783056259155273]
2041,2,0,0,0.5777883529663086,0.5742893218994141,[0.5742893218994141]
2041,2,0,0,0.387697696685791,0.3824326992034912,[0.3824326992034912]
2041,2,0,0,0.5024611949920654,0.4964461326599121,[0.4964461326599121]
2041,2,0,0,0.3759348392486572,0.37546873092651367,[0.37546873092651367]
2041,2,0,0,0.2434394359588623,0.23998308181762695,[0.23998308181762695]
2041,2,0,0,0.40154600143432617,0.4012124538421631,[0.4012124538421631]
2041,2,0,0,0.39675426483154297,0.37877941131591797,[0.37877941131591797]
2041,2,0,0,0.38697290420532227,0.3863976001739502,[0.3863976001739502]
2041,2,0,0,0.36866188049316406,0.3680884838104248,[0.3680884838104248]
2041,2,0,0,0.38625621795654297,0.38193750381469727,[0.38193750381469727]
2041,2,0,0,0.5911388397216797,0.590501070022583,[0.590501070022583]
2041,2,0,0,0.5792174339294434,0.5732462406158447,[0.5732462406158447]
2041,2,0,0,0.744624137878418,0.7331597805023193,[0.7331597805023193]
2041,2,0,0,0.5702664852142334,0.5602641105651855,[0.5602641105651855]
2041,2,0,0,1.7196898460388184,1.7117886543273926,[1.7117886543273926]
2041,2,0,0,0.293687105178833,0.28785085678100586,[0.28785085678100586]
2041,2,0,0,0.9570198059082031,0.9454085826873779,[0.9454085826873779]
2041,2,0,0,0.3380308151245117,0.33320188522338867,[0.33320188522338867]
2041,2,0,0,0.6211626529693604,0.6133906841278076,[0.6133906841278076]
2041,2,0,0,0.8971972465515137,0.8921558856964111,[0.8921558856964111]
2041,2,0,0,0.49997878074645996,0.49157118797302246,[0.49157118797302246]
2041,2,0,0,0.38199734687805176,0.37105512619018555,[0.37105512619018555]
3056,2,0,0,0.42625880241394043,0.42287635803222656,[0.42287635803222656]
3056,2,0,0,0.44236254692077637,0.43633151054382324,[0.43633151054382324]
3056,2,0,0,0.3647141456604004,0.3642745018005371,[0.3642745018005371]
3056,2,0,0,0.355257511138916,0.352278470993042,[0.352278470993042]
3056,2,0,0,0.4067668914794922,0.40648460388183594,[0.40648460388183594]
3056,2,0,0,0.32955503463745117,0.32614731788635254,[0.32614731788635254]
3056,2,0,0,0.28406405448913574,0.2834055423736572,[0.2834055423736572]
3056,2,0,0,0.3845183849334717,0.3816361427307129,[0.3816361427307129]
3056,2,0,0,0.6045620441436768,0.5912115573883057,[0.5912115573883057]
3056,2,0,0,0.5363233089447021,0.5303034782409668,[0.5303034782409668]
3056,2,0,0,0.3695812225341797,0.36756420135498047,[0.36756420135498047]
3056,2,0,0,0.501774787902832,0.4992105960845947,[0.4992105960845947]
3056,2,0,0,0.3837890625,0.3743765354156494,[0.3743765354156494]
3056,2,0,0,0.4554564952850342,0.45024919509887695,[0.45024919509887695]
3056,2,0,0,0.32262349128723145,0.32022976875305176,[0.32022976875305176]
3056,2,0,0,0.4601442813873291,0.4489762783050537,[0.4489762783050537]
3056,2,0,0,0.43178653717041016,0.4230220317840576,[0.4230220317840576]
3056,2,0,0,0.3881237506866455,0.3841562271118164,[0.3841562271118164]
3056,2,0,0,0.3839700222015381,0.3819587230682373,[0.3819587230682373]
3056,2,0,0,0.768939733505249,0.7642936706542969,[0.7642936706542969]
3056,2,0,0,0.4006636142730713,0.38211631774902344,[0.38211631774902344]
3056,2,0,0,0.31564784049987793,0.3074312210083008,[0.3074312210083008]
3056,2,0,0,0.38123130798339844,0.37070655822753906,[0.37070655822753906]
3056,2,0,0,0.3976142406463623,0.39691781997680664,[0.39691781997680664]
3056,2,0,0,0.3696436882019043,0.36127352714538574,[0.36127352714538574]
3056,3,0,0,0.37338781356811523,0.3650169372558594,"[0.3650169372558594, 0.00010848045349121094]"
3056,2,0,0,0.47807788848876953,0.47554588317871094,[0.47554588317871094]
3056,2,0,0,0.43744683265686035,0.4282805919647217,[0.4282805919647217]
3056,2,0,0,0.3972907066345215,0.3950514793395996,[0.3950514793395996]
3056,2,0,0,0.41373157501220703,0.4114813804626465,[0.4114813804626465]
3056,2,0,0,0.3905036449432373,0.39021778106689453,[0.39021778106689453]
3056,2,0,0,0.3281369209289551,0.3278341293334961,[0.3278341293334961]
3056,2,0,0,0.3922731876373291,0.391878604888916,[0.391878604888916]
3056,2,0,0,0.36653804779052734,0.3603026866912842,[0.3603026866912842]
3056,2,0,0,0.4121873378753662,0.4086451530456543,[0.4086451530456543]
3056,2,0,0,0.9656810760498047,0.9623689651489258,[0.9623689651489258]
3056,2,0,0,0.30563974380493164,0.30335187911987305,[0.30335187911987305]
3056,2,0,0,0.6747848987579346,0.667985200881958,[0.667985200881958]
3056,2,0,0,0.5055656433105469,0.5001029968261719,[0.5001029968261719]
3056,2,0,0,1.1511602401733398,1.1458580493927002,[1.1458580493927002]
3056,2,0,0,0.3497500419616699,0.3477332592010498,[0.3477332592010498]
3056,2,0,0,0.3439052104949951,0.3351435661315918,[0.3351435661315918]
3056,2,0,0,0.32511377334594727,0.3220057487487793,[0.3220057487487793]
3056,2,0,0,0.3262176513671875,0.3227653503417969,[0.3227653503417969]
3056,2,0,0,0.3391871452331543,0.330014705657959,[0.330014705657959]
3056,2,0,0,0.39774632453918457,0.3973429203033447,[0.3973429203033447]
3056,2,0,0,0.3476428985595703,0.34459567070007324,[0.34459567070007324]
3056,2,0,0,0.4917166233062744,0.4834160804748535,[0.4834160804748535]
3056,2,0,0,0.34795212745666504,0.3462092876434326,[0.3462092876434326]
3056,2,0,0,1.1178572177886963,1.0973389148712158,[1.0973389148712158]
4057,2,0,0,0.423093318939209,0.42262721061706543,[0.42262721061706543]
4057,2,0,0,0.40229177474975586,0.39982008934020996,[0.39982008934020996]
4057,2,0,0,0.39760828018188477,0.39433741569519043,[0.39433741569519043]
4057,2,0,0,0.49571776390075684,0.4949486255645752,[0.4949486255645752]
4057,2,0,0,0.3890812397003174,0.3884904384613037,[0.3884904384613037]
4057,2,0,0,0.44278430938720703,0.4364285469055176,[0.4364285469055176]
4057,2,0,0,0.4230222702026367,0.4168701171875,[0.4168701171875]
4057,2,0,0,0.49210524559020996,0.4877958297729492,[0.4877958297729492]
4057,2,0,0,0.37296414375305176,0.3701021671295166,[0.3701021671295166]
4057,2,0,0,0.3988645076751709,0.39786696434020996,[0.39786696434020996]
4057,2,0,0,0.47991132736206055,0.4754817485809326,[0.4754817485809326]
4057,2,0,0,0.5164937973022461,0.5090296268463135,[0.5090296268463135]
4057,2,0,0,0.39050936698913574,0.3877379894256592,[0.3877379894256592]
4057,2,0,0,0.5736262798309326,0.5631828308105469,[0.5631828308105469]
4057,2,0,0,0.4811837673187256,0.46585679054260254,[0.46585679054260254]
4057,2,0,0,2.553035020828247,2.550814390182495,[2.550814390182495]
4057,2,0,0,0.9373328685760498,0.9322719573974609,[0.9322719573974609]
4057,2,0,0,0.3748347759246826,0.37456369400024414,[0.37456369400024414]
4057,2,0,0,0.35870957374572754,0.3553609848022461,[0.3553609848022461]
4057,2,0,0,0.4487318992614746,0.44827938079833984,[0.44827938079833984]
4057,2,0,0,0.32979559898376465,0.3252415657043457,[0.3252415657043457]
4057,2,0,0,0.4276261329650879,0.4198784828186035,[0.4198784828186035]
4057,2,0,0,0.4041428565979004,0.39574766159057617,[0.39574766159057617]
4057,2,0,0,0.4054861068725586,0.399822473526001,[0.399822473526001]
4057,2,0,0,0.4775810241699219,0.4729893207550049,[0.4729893207550049]
4057,2,0,0,0.6194133758544922,0.6173191070556641,[0.6173191070556641]
4057,2,0,0,0.3876914978027344,0.37541627883911133,[0.37541627883911133]
4057,2,0,0,0.5476772785186768,0.5455231666564941,[0.5455231666564941]
4057,2,0,0,0.8274765014648438,0.8255233764648438,[0.8255233764648438]
4057,2,0,0,0.4408998489379883,0.44015979766845703,[0.44015979766845703]
4057,2,0,0,0.33715271949768066,0.3306894302368164,[0.3306894302368164]
4057,2,0,0,0.6084794998168945,0.603208065032959,[0.603208065032959]
4057,2,0,0,0.40285325050354004,0.39632201194763184,[0.39632201194763184]
4057,2,0,0,0.9453270435333252,0.9408042430877686,[0.9408042430877686]
4057,2,0,0,1.1986439228057861,1.190488338470459,[1.190488338470459]
4057,2,0,0,0.3251609802246094,0.31977033615112305,[0.31977033615112305]
4057,2,0,0,0.45896387100219727,0.44791722297668457,[0.44791722297668457]
4057,2,0,0,0.42392706871032715,0.423478364944458,[0.423478364944458]
4057,2,0,0,2.322525978088379,2.2378578186035156,[2.2378578186035156]
4057,2,0,0,0.405322790145874,0.3972632884979248,[0.3972632884979248]
4057,2,0,0,0.32173728942871094,0.3186020851135254,[0.3186020851135254]
4057,2,0,0,0.566676139831543,0.5629901885986328,[0.5629901885986328]
4057,2,0,0,0.7091031074523926,0.6976943016052246,[0.6976943016052246]
4057,2,0,0,0.42632436752319336,0.4193847179412842,[0.4193847179412842]
4057,2,0,0,0.35685253143310547,0.3559536933898926,[0.3559536933898926]
4057,2,0,0,0.4832608699798584,0.4778907299041748,[0.4778907299041748]
4057,2,0,0,0.46503663063049316,0.45780229568481445,[0.45780229568481445]
4057,2,0,0,0.83907151222229,0.8387882709503174,[0.8387882709503174]
4057,2,0,0,0.39684462547302246,0.3965756893157959,[0.3965756893157959]
4057,2,0,0,0.37460923194885254,0.37433576583862305,[0.37433576583862305]
5068,2,0,0,0.4557642936706543,0.4497261047363281,[0.4497261047363281]
5068,2,0,0,0.4510800838470459,0.45075058937072754,[0.45075058937072754]
5068,2,0,0,0.5542473793029785,0.5478856563568115,[0.5478856563568115]
5068,2,0,0,0.4457716941833496,0.44057345390319824,[0.44057345390319824]
5068,2,0,0,2.7136549949645996,2.7094926834106445,[2.7094926834106445]
5068,2,0,0,0.3609161376953125,0.3571765422821045,[0.3571765422821045]
5068,2,0,0,0.34644126892089844,0.3411140441894531,[0.3411140441894531]
5068,2,0,0,0.5358057022094727,0.5355174541473389,[0.5355174541473389]
5068,2,0,0,0.47793030738830566,0.47740674018859863,[0.47740674018859863]
5068,2,0,0,0.5097770690917969,0.5095045566558838,[0.5095045566558838]
5068,2,0,0,0.5124647617340088,0.511664867401123,[0.511664867401123]
5068,2,0,0,0.40921664237976074,0.40825700759887695,[0.40825700759887695]
5068,2,0,0,0.4546940326690674,0.4463927745819092,[0.4463927745819092]
5068,2,0,0,0.4048275947570801,0.4045112133026123,[0.4045112133026123]
5068,2,0,0,0.5449564456939697,0.5389010906219482,[0.5389010906219482]
5068,2,0,0,0.4347834587097168,0.4338243007659912,[0.4338243007659912]
5068,2,0,0,0.4092555046081543,0.4082775115966797,[0.4082775115966797]
5068,2,0,0,0.43175721168518066,0.4279754161834717,[0.4279754161834717]
5068,2,0,0,1.1260859966278076,1.1190404891967773,[1.1190404891967773]
5068,2,0,0,0.5880138874053955,0.5869765281677246,[0.5869765281677246]
5068,2,0,0,0.40946054458618164,0.4068608283996582,[0.4068608283996582]
5068,2,0,0,0.40589356422424316,0.40502214431762695,[0.40502214431762695]
5068,2,0,0,0.5575695037841797,0.5472331047058105,[0.5472331047058105]
5068,2,0,0,0.4620554447174072,0.4617624282836914,[0.4617624282836914]
5068,2,0,0,0.9233484268188477,0.9223968982696533,[0.9223968982696533]
5068,2,0,0,0.4274144172668457,0.41278815269470215,[0.41278815269470215]
5068,2,0,0,1.2094371318817139,1.2084414958953857,[1.2084414958953857]
5068,2,0,0,0.4110743999481201,0.40665388107299805,[0.40665388107299805]
5068,2,0,0,0.44129180908203125,0.4353032112121582,[0.4353032112121582]
5068,2,0,0,0.3735847473144531,0.37264490127563477,[0.37264490127563477]
5068,2,0,0,0.565805196762085,0.5624692440032959,[0.5624692440032959]
5068,2,0,0,0.3474879264831543,0.34722304344177246,[0.34722304344177246]
5068,2,0,0,0.48360157012939453,0.47711634635925293,[0.47711634635925293]
5068,2,0,0,0.35020947456359863,0.3414173126220703,[0.3414173126220703]
5068,2,0,0,0.29451990127563477,0.289853572845459,[0.289853572845459]
5068,2,0,0,0.38028836250305176,0.3774240016937256,[0.3774240016937256]
5068,2,0,0,0.4655606746673584,0.4606146812438965,[0.4606146812438965]
5068,2,0,0,0.3851325511932373,0.37861084938049316,[0.37861084938049316]
5068,2,0,0,0.5062429904937744,0.5058639049530029,[0.5058639049530029]
5068,2,0,0,0.4825921058654785,0.46710729598999023,[0.46710729598999023]
5068,2,0,0,0.7086615562438965,0.659447431564331,[0.659447431564331]
5068,2,0,0,0.34108400344848633,0.34069037437438965,[0.34069037437438965]
5068,2,0,0,0.37807679176330566,0.37777256965637207,[0.37777256965637207]
5068,2,0,0,0.39590978622436523,0.384136438369751,[0.384136438369751]
5068,2,0,0,0.42795872688293457,0.42694544792175293,[0.42694544792175293]
5068,2,0,0,0.7643704414367676,0.76308274269104,[0.76308274269104]
5068,2,0,0,0.4289684295654297,0.4241666793823242,[0.4241666793823242]
5068,2,0,0,0.39840054512023926,0.39699292182922363,[0.39699292182922363]
5068,2,0,0,0.4071028232574463,0.40421295166015625,[0.40421295166015625]
5068,2,0,0,0.35212135314941406,0.35143613815307617,[0.35143613815307617]
6077,2,0,0,0.430295467376709,0.4299919605255127,[0.4299919605255127]
6077,2,0,0,0.4129960536956787,0.40970897674560547,[0.40970897674560547]
6077,2,0,0,0.4045698642730713,0.4040846824645996,[0.4040846824645996]
6077,2,0,0,0.3351008892059326,0.3307688236236572,[0.3307688236236572]
6077,2,0,0,0.48593592643737793,0.48413705825805664,[0.48413705825805664]
6077,2,0,0,0.49826860427856445,0.48922276496887207,[0.48922276496887207]
6077,2,0,0,0.9980335235595703,0.9938366413116455,[0.9938366413116455]
6077,2,0,0,0.7825033664703369,0.7812232971191406,[0.7812232971191406]
6077,2,0,0,0.36423826217651367,0.3586111068725586,[0.3586111068725586]
6077,2,0,0,0.5278651714324951,0.5271689891815186,[0.5271689891815186]
6077,2,0,0,0.3792850971221924,0.37793803215026855,[0.37793803215026855]
6077,2,0,0,0.36036181449890137,0.36008763313293457,[0.36008763313293457]
6077,2,0,0,0.4563901424407959,0.4519081115722656,[0.4519081115722656]
6077,2,0,0,0.4353950023651123,0.43500781059265137,[0.43500781059265137]
6077,2,0,0,0.4082145690917969,0.40793943405151367,[0.40793943405151367]
6077,2,0,0,0.3880796432495117,0.38712120056152344,[0.38712120056152344]
6077,2,0,0,0.4356973171234131,0.4353013038635254,[0.4353013038635254]
6077,2,0,0,0.40562891960144043,0.4047577381134033,[0.4047577381134033]
6077,2,0,0,0.6667158603668213,0.6612646579742432,[0.6612646579742432]
6077,2,0,0,0.3503599166870117,0.350017786026001,[0.350017786026001]
6077,2,0,0,0.6176793575286865,0.6173837184906006,[0.6173837184906006]
6077,2,0,0,0.5759003162384033,0.5700523853302002,[0.5700523853302002]
6077,2,0,0,0.34249138832092285,0.341480016708374,[0.341480016708374]
6077,2,0,0,0.4076986312866211,0.4032878875732422,[0.4032878875732422]
6077,2,0,0,0.409160852432251,0.40821218490600586,[0.40821218490600586]
6077,2,0,0,0.5105452537536621,0.5102691650390625,[0.5102691650390625]
6077,2,0,0,1.001659631729126,0.9943797588348389,[0.9943797588348389]
6077,2,0,0,0.40971994400024414,0.40936851501464844,[0.40936851501464844]
6077,2,0,0,0.47467517852783203,0.45557737350463867,[0.45557737350463867]
6077,2,0,0,0.5399060249328613,0.5342164039611816,[0.5342164039611816]
6077,2,0,0,5.04278826713562,5.042448997497559,[5.042448997497559]
6077,2,0,0,0.5094735622406006,0.5089917182922363,[0.5089917182922363]
6077,2,0,0,0.6323199272155762,0.6293399333953857,[0.6293399333953857]
6077,2,0,0,0.388791561126709,0.3885173797607422,[0.3885173797607422]
6077,2,0,0,0.40871667861938477,0.4082968235015869,[0.4082968235015869]
6077,2,0,0,0.4723825454711914,0.4666745662689209,[0.4666745662689209]
6077,2,0,0,0.36951112747192383,0.3634159564971924,[0.3634159564971924]
6077,2,0,0,0.34104251861572266,0.3401143550872803,[0.3401143550872803]
6077,2,0,0,0.4542994499206543,0.45398497581481934,[0.45398497581481934]
6077,2,0,0,0.4085731506347656,0.4083080291748047,[0.4083080291748047]
6077,2,0,0,0.33862876892089844,0.32970142364501953,[0.32970142364501953]
6077,2,0,0,0.4322471618652344,0.4257223606109619,[0.4257223606109619]
6077,2,0,0,0.4532620906829834,0.452664852142334,[0.452664852142334]
6077,2,0,0,0.41664838790893555,0.4163341522216797,[0.4163341522216797]
6077,2,0,0,0.4099583625793457,0.4037644863128662,[0.4037644863128662]
6077,2,0,0,0.3803129196166992,0.3725402355194092,[0.3725402355194092]
6077,2,0,0,0.45846128463745117,0.4541497230529785,[0.4541497230529785]
6077,2,0,0,0.3784360885620117,0.37814784049987793,[0.37814784049987793]
6077,2,0,0,0.41475939750671387,0.41215944290161133,[0.41215944290161133]
6077,2,0,0,0.40436267852783203,0.4032738208770752,[0.4032738208770752]
7087,2,0,0,0.9168291091918945,0.9164121150970459,[0.9164121150970459]
7087,2,0,0,0.5105860233306885,0.5102927684783936,[0.5102927684783936]
7087,2,0,0,1.1454401016235352,1.143282413482666,[1.143282413482666]
7087,2,0,0,0.39267492294311523,0.39168596267700195,[0.39168596267700195]
7087,2,0,0,0.5066413879394531,0.5062742233276367,[0.5062742233276367]
7087,2,0,0,0.6223835945129395,0.6219336986541748,[0.6219336986541748]
7087,2,0,0,0.4513723850250244,0.4467930793762207,[0.4467930793762207]
7087,2,0,0,1.5618109703063965,1.5557689666748047,[1.5557689666748047]
7087,2,0,0,0.5427768230438232,0.5396909713745117,[0.5396909713745117]
7087,2,0,0,0.5328497886657715,0.5274205207824707,[0.5274205207824707]
7087,2,0,0,0.39966893196105957,0.39937829971313477,[0.39937829971313477]
7087,2,0,0,0.6013150215148926,0.596630334854126,[0.596630334854126]
7087,2,0,0,0.4054989814758301,0.4046821594238281,[0.4046821594238281]
7087,2,0,0,0.510915994644165,0.5106546878814697,[0.5106546878814697]
7087,2,0,0,0.4628922939300537,0.45659565925598145,[0.45659565925598145]
7087,2,0,0,1.5583105087280273,1.5566716194152832,[1.5566716194152832]
7087,2,0,0,0.43591952323913574,0.43277454376220703,[0.43277454376220703]
7087,2,0,0,1.0990421772003174,1.0987675189971924,[1.0987675189971924]
7087,2,0,0,0.840688943862915,0.8404026031494141,[0.8404026031494141]
7087,2,0,0,0.8222994804382324,0.8219654560089111,[0.8219654560089111]
7087,2,0,0,0.47791242599487305,0.4775855541229248,[0.4775855541229248]
7087,2,0,0,1.050567626953125,1.0502591133117676,[1.0502591133117676]
7087,2,0,0,0.4064362049102783,0.399045467376709,[0.399045467376709]
7087,2,0,0,0.415024995803833,0.41464924812316895,[0.41464924812316895]
7087,2,0,0,1.0454685688018799,1.0408744812011719,[1.0408744812011719]
7087,2,0,0,0.8967671394348145,0.8964626789093018,[0.8964626789093018]
7087,2,0,0,0.4459550380706787,0.44095659255981445,[0.44095659255981445]
7087,2,0,0,0.5747065544128418,0.5744338035583496,[0.5744338035583496]
7087,2,0,0,0.44348716735839844,0.4377884864807129,[0.4377884864807129]
7087,2,0,0,0.85426926612854,0.8539626598358154,[0.8539626598358154]
7087,2,0,0,0.4626808166503906,0.4602019786834717,[0.4602019786834717]
7087,2,0,0,0.49701547622680664,0.49669885635375977,[0.49669885635375977]
7087,2,0,0,0.3336913585662842,0.32740211486816406,[0.32740211486816406]
7087,2,0,0,0.4754221439361572,0.4751553535461426,[0.4751553535461426]
7087,2,0,0,1.0579204559326172,1.053910493850708,[1.053910493850708]
7087,2,0,0,0.3829009532928467,0.38178157806396484,[0.38178157806396484]
7087,2,0,0,0.3983113765716553,0.39803099632263184,[0.39803099632263184]
7087,2,0,0,0.49120330810546875,0.4840717315673828,[0.4840717315673828]
7087,2,0,0,0.7489008903503418,0.7474911212921143,[0.7474911212921143]
7087,2,0,0,0.3761177062988281,0.3730769157409668,[0.3730769157409668]
7087,2,0,0,0.43044352531433105,0.43018388748168945,[0.43018388748168945]
7087,2,0,0,1.161384105682373,1.1572368144989014,[1.1572368144989014]
7087,2,0,0,0.3565056324005127,0.35620903968811035,[0.35620903968811035]
7087,2,0,0,0.35122156143188477,0.3507845401763916,[0.3507845401763916]
7087,2,0,0,1.4505484104156494,1.4421637058258057,[1.4421637058258057]
7087,2,0,0,0.46440982818603516,0.4641280174255371,[0.4641280174255371]
7087,2,0,0,0.5205743312835693,0.5182859897613525,[0.5182859897613525]
7087,2,0,0,0.5026156902313232,0.5016136169433594,[0.5016136169433594]
7087,2,0,0,0.40489768981933594,0.4045376777648926,[0.4045376777648926]
7087,2,0,0,0.5186359882354736,0.5176730155944824,[0.5176730155944824]
8076,2,0,0,0.5928661823272705,0.5925910472869873,[0.5925910472869873]
8076,2,0,0,0.5439703464508057,0.5436422824859619,[0.5436422824859619]
8076,2,0,0,0.4949777126312256,0.49467897415161133,[0.49467897415161133]
8076,2,0,0,0.335216760635376,0.33341455459594727,[0.33341455459594727]
8076,2,0,0,0.8105027675628662,0.7989418506622314,[0.7989418506622314]
8076,2,0,0,0.38837432861328125,0.38515520095825195,[0.38515520095825195]
8076,2,0,0,0.5082263946533203,0.5079271793365479,[0.5079271793365479]
8076,2,0,0,0.5149915218353271,0.5100476741790771,[0.5100476741790771]
8076,2,0,0,0.5026445388793945,0.5001685619354248,[0.5001685619354248]
8076,2,0,0,0.6267504692077637,0.6260814666748047,[0.6260814666748047]
8076,2,0,0,0.6024880409240723,0.592357873916626,[0.592357873916626]
8076,2,0,0,0.41150712966918945,0.41124773025512695,[0.41124773025512695]
8076,2,0,0,0.5499882698059082,0.538400411605835,[0.538400411605835]
8076,2,0,0,0.4713890552520752,0.471081018447876,[0.471081018447876]
8076,2,0,0,0.40871119499206543,0.408430814743042,[0.408430814743042]
8076,2,0,0,1.0864737033843994,1.080268383026123,[1.080268383026123]
8076,2,0,0,0.45449209213256836,0.45423078536987305,[0.45423078536987305]
8076,2,0,0,0.5060462951660156,0.5057594776153564,[0.5057594776153564]
8076,2,0,0,0.43973588943481445,0.40563178062438965,[0.40563178062438965]
8076,2,0,0,0.5032484531402588,0.49337029457092285,[0.49337029457092285]
8076,2,0,0,0.5043566226959229,0.49251699447631836,[0.49251699447631836]
8076,2,0,0,0.39436817169189453,0.39409780502319336,[0.39409780502319336]
8076,2,0,0,0.40733790397644043,0.40699124336242676,[0.40699124336242676]
8076,2,0,0,1.257413387298584,1.2571439743041992,[1.2571439743041992]
8076,2,0,0,0.48736095428466797,0.48705506324768066,[0.48705506324768066]
8076,2,0,0,0.8141186237335205,0.8136894702911377,[0.8136894702911377]
8076,2,0,0,0.5338144302368164,0.526465654373169,[0.526465654373169]
8076,2,0,0,1.1021521091461182,1.1017532348632812,[1.1017532348632812]
8076,2,0,0,0.5708253383636475,0.5600574016571045,[0.5600574016571045]
8076,2,0,0,0.5856356620788574,0.5766329765319824,[0.5766329765319824]
8076,2,0,0,0.37737131118774414,0.3768923282623291,[0.3768923282623291]
8076,2,0,0,0.512692928314209,0.5123958587646484,[0.5123958587646484]
8076,2,0,0,0.40834879875183105,0.4080533981323242,[0.4080533981323242]
8076,2,0,0,0.5097641944885254,0.5094866752624512,[0.5094866752624512]
8076,2,0,0,0.5352880954742432,0.5339236259460449,[0.5339236259460449]
8076,2,0,0,0.5012760162353516,0.497882604598999,[0.497882604598999]
8076,2,0,0,0.4039885997772217,0.40215373039245605,[0.40215373039245605]
8076,2,0,0,0.8641657829284668,0.8593020439147949,[0.8593020439147949]
8076,2,0,0,0.3808255195617676,0.3778495788574219,[0.3778495788574219]
8076,2,0,0,0.5354146957397461,0.5164508819580078,[0.5164508819580078]
8076,2,0,0,1.4089694023132324,1.3870832920074463,[1.3870832920074463]
8076,2,0,0,0.40312695503234863,0.39452624320983887,[0.39452624320983887]
8076,2,0,0,0.3659079074859619,0.3642845153808594,[0.3642845153808594]
8076,2,0,0,0.5966172218322754,0.573115348815918,[0.573115348815918]
8076,2,0,0,1.2904629707336426,1.266732931137085,[1.266732931137085]
8076,2,0,0,0.4229726791381836,0.4161834716796875,[0.4161834716796875]
8076,2,0,0,0.39568042755126953,0.38855743408203125,[0.38855743408203125]
8076,2,0,0,1.7304744720458984,1.724958896636963,[1.724958896636963]
8076,2,0,0,0.6442954540252686,0.6310775279998779,[0.6310775279998779]
8076,2,0,0,0.4335649013519287,0.4332997798919678,[0.4332997798919678]
9093,2,0,0,0.8697652816772461,0.8647725582122803,[0.8647725582122803]
9093,2,0,0,0.9292747974395752,0.9137556552886963,[0.9137556552886963]
9093,2,0,0,1.234959602355957,1.2273483276367188,[1.2273483276367188]
9093,2,0,0,0.7124755382537842,0.7092382907867432,[0.7092382907867432]
9093,2,0,0,0.8841331005096436,0.8636660575866699,[0.8636660575866699]
9093,2,0,0,0.5576467514038086,0.5477497577667236,[0.5477497577667236]
9093,2,0,0,0.5702228546142578,0.5691773891448975,[0.5691773891448975]
9093,2,0,0,0.6086380481719971,0.6083741188049316,[0.6083741188049316]
9093,2,0,0,0.4446592330932617,0.4434163570404053,[0.4434163570404053]
9093,2,0,0,1.3969364166259766,1.3896358013153076,[1.3896358013153076]
9093,2,0,0,0.848355770111084,0.8433616161346436,[0.8433616161346436]
9093,2,0,0,0.48239803314208984,0.48209190368652344,[0.48209190368652344]
9093,2,0,0,0.40871548652648926,0.40844011306762695,[0.40844011306762695]
9093,2,0,0,0.511540412902832,0.5111298561096191,[0.5111298561096191]
9093,2,0,0,0.519782543182373,0.5187675952911377,[0.5187675952911377]
9093,2,0,0,0.4361591339111328,0.4328770637512207,[0.4328770637512207]
9093,2,0,0,0.4494595527648926,0.44191408157348633,[0.44191408157348633]
9093,2,0,0,0.4341390132904053,0.4326770305633545,[0.4326770305633545]
9093,2,0,0,0.5063164234161377,0.4993717670440674,[0.4993717670440674]
9093,2,0,0,0.620093822479248,0.6175897121429443,[0.6175897121429443]
9093,2,0,0,0.4371817111968994,0.43688058853149414,[0.43688058853149414]
9093,2,0,0,0.47834086418151855,0.4780287742614746,[0.4780287742614746]
9093,2,0,0,0.4594590663909912,0.4533205032348633,[0.4533205032348633]
9093,2,0,0,0.7285423278808594,0.7178771495819092,[0.7178771495819092]
9093,2,0,0,0.43450284004211426,0.42624664306640625,[0.42624664306640625]
9093,2,0,0,0.41936373710632324,0.4159259796142578,[0.4159259796142578]
9093,2,0,0,0.526073694229126,0.5241165161132812,[0.5241165161132812]
9093,2,0,0,1.332672357559204,1.3286397457122803,[1.3286397457122803]
9093,2,0,0,1.1120038032531738,1.111706018447876,[1.111706018447876]
9093,2,0,0,0.4687671661376953,0.46294593811035156,[0.46294593811035156]
9093,2,0,0,0.8470818996429443,0.8464198112487793,[0.8464198112487793]
9093,2,0,0,0.637627124786377,0.6277468204498291,[0.6277468204498291]
9093,2,0,0,1.4229979515075684,1.4227325916290283,[1.4227325916290283]
9093,2,0,0,0.4102051258087158,0.40990209579467773,[0.40990209579467773]
9093,2,0,0,1.259207010269165,1.2525944709777832,[1.2525944709777832]
9093,2,0,0,0.6899964809417725,0.6896934509277344,[0.6896934509277344]
9093,2,0,0,0.4243485927581787,0.4233589172363281,[0.4233589172363281]
9093,2,0,0,1.4179065227508545,1.3781428337097168,[1.3781428337097168]
9093,2,0,0,0.5252106189727783,0.5243241786956787,[0.5243241786956787]
9093,2,0,0,0.4915440082550049,0.4912574291229248,[0.4912574291229248]
9093,2,0,0,0.4369845390319824,0.4357728958129883,[0.4357728958129883]
9093,2,0,0,0.43290090560913086,0.43253397941589355,[0.43253397941589355]
9093,2,0,0,0.6228456497192383,0.6177959442138672,[0.6177959442138672]
9093,2,0,0,0.4499166011810303,0.44893598556518555,[0.44893598556518555]
9093,2,0,0,0.8134305477142334,0.8131535053253174,[0.8131535053253174]
9093,2,0,0,0.5131022930145264,0.5121006965637207,[0.5121006965637207]
9093,2,0,0,0.7152652740478516,0.7142183780670166,[0.7142183780670166]
9093,2,0,0,0.4255847930908203,0.42461419105529785,[0.42461419105529785]
9093,2,0,0,0.5133936405181885,0.5099143981933594,[0.5099143981933594]
9093,2,0,0,0.49112439155578613,0.4907095432281494,[0.4907095432281494]
10077,2,0,0,0.8169467449188232,0.8165528774261475,[0.8165528774261475]
10077,2,0,0,0.6706275939941406,0.6609423160552979,[0.6609423160552979]
10077,2,0,0,0.5865931510925293,0.586310625076294,[0.586310625076294]
10077,2,0,0,0.4504997730255127,0.44632863998413086,[0.44632863998413086]
10077,2,0,0,0.43816351890563965,0.4378814697265625,[0.4378814697265625]
10077,2,0,0,0.7634360790252686,0.7397041320800781,[0.7397041320800781]
10077,2,0,0,0.4619126319885254,0.4615194797515869,[0.4615194797515869]
10077,2,0,0,0.5929341316223145,0.5916483402252197,[0.5916483402252197]
10077,2,0,0,0.7870399951934814,0.7845981121063232,[0.7845981121063232]
10077,2,0,0,0.5686891078948975,0.5683290958404541,[0.5683290958404541]
10077,2,0,0,0.7172036170959473,0.7161779403686523,[0.7161779403686523]
10077,2,0,0,0.6664934158325195,0.6660616397857666,[0.6660616397857666]
10077,2,0,0,0.6642701625823975,0.5877158641815186,[0.5877158641815186]
10077,2,0,0,1.4952378273010254,1.4791123867034912,[1.4791123867034912]
10077,2,0,0,0.5989522933959961,0.5986595153808594,[0.5986595153808594]
10077,2,0,0,1.0157854557037354,1.014073133468628,[1.014073133468628]
10077,2,0,0,0.6722874641418457,0.6719682216644287,[0.6719682216644287]
10077,2,0,0,0.4457125663757324,0.44519686698913574,[0.44519686698913574]
10077,2,0,0,0.5315823554992676,0.5306854248046875,[0.5306854248046875]
10077,2,0,0,0.49010372161865234,0.487795352935791,[0.487795352935791]
10077,2,0,0,0.41182518005371094,0.40767812728881836,[0.40767812728881836]
10077,2,0,0,0.4526023864746094,0.45047926902770996,[0.45047926902770996]
10077,2,0,0,0.4701964855194092,0.46984434127807617,[0.46984434127807617]
10077,2,0,0,1.1582260131835938,1.154784917831421,[1.154784917831421]
10077,2,0,0,0.40224123001098633,0.39507269859313965,[0.39507269859313965]
10077,2,0,0,0.509758710861206,0.5094478130340576,[0.5094478130340576]
10077,2,0,0,0.44233179092407227,0.44203639030456543,[0.44203639030456543]
10077,2,0,0,0.43796324729919434,0.43311023712158203,[0.43311023712158203]
10077,2,0,0,0.48172950744628906,0.48143744468688965,[0.48143744468688965]
10077,2,0,0,0.40859270095825195,0.4039323329925537,[0.4039323329925537]
10077,2,0,0,0.4872312545776367,0.48385167121887207,[0.48385167121887207]
10077,2,0,0,0.35100269317626953,0.3441190719604492,[0.3441190719604492]
10077,2,0,0,0.8039264678955078,0.79776930809021,[0.79776930809021]
10077,2,0,0,0.5374128818511963,0.5300536155700684,[0.5300536155700684]
10077,2,0,0,0.4229137897491455,0.4185805320739746,[0.4185805320739746]
10077,2,0,0,0.417600154876709,0.4127635955810547,[0.4127635955810547]
10077,2,0,0,0.585134744644165,0.5658607482910156,[0.5658607482910156]
10077,2,0,0,0.5869107246398926,0.5861399173736572,[0.5861399173736572]
10077,2,0,0,0.4181699752807617,0.4080779552459717,[0.4080779552459717]
10077,2,0,0,0.45722126960754395,0.45024561882019043,[0.45024561882019043]
10077,2,0,0,2.0210061073303223,2.0177536010742188,[2.0177536010742188]
10077,2,0,0,0.603508472442627,0.5983109474182129,[0.5983109474182129]
10077,2,0,0,0.4858677387237549,0.48558878898620605,[0.48558878898620605]
10077,2,0,0,0.4394822120666504,0.4358975887298584,[0.4358975887298584]
10077,2,0,0,1.2117016315460205,1.2068469524383545,[1.2068469524383545]
10077,2,0,0,0.43888401985168457,0.43717455863952637,[0.43717455863952637]
10077,2,0,0,0.4641458988189697,0.463712215423584,[0.463712215423584]
10077,2,0,0,0.4211428165435791,0.41763734817504883,[0.41763734817504883]
10077,2,0,0,0.5017547607421875,0.5014779567718506,[0.5014779567718506]
10077,2,0,0,0.48348402976989746,0.48317885398864746,[0.48317885398864746]
11128,2,0,0,0.7559802532196045,0.7507500648498535,[0.7507500648498535]
11128,2,0,0,0.8033130168914795,0.8030502796173096,[0.8030502796173096]
11128,2,0,0,0.4627978801727295,0.4563789367675781,[0.4563789367675781]
11128,2,0,0,0.4984016418457031,0.49808526039123535,[0.49808526039123535]
11128,2,0,0,0.8345401287078857,0.8339409828186035,[0.8339409828186035]
11128,2,0,0,0.9253921508789062,0.9248232841491699,[0.9248232841491699]
11128,2,0,0,1.6625595092773438,1.6622769832611084,[1.6622769832611084]
11128,2,0,0,0.5643706321716309,0.555720329284668,[0.555720329284668]
11128,2,0,0,0.527984619140625,0.5274558067321777,[0.5274558067321777]
11128,2,0,0,0.5603489875793457,0.5600755214691162,[0.5600755214691162]
11128,2,0,0,0.5252268314361572,0.5246646404266357,[0.5246646404266357]
11128,2,0,0,0.8944516181945801,0.8784990310668945,[0.8784990310668945]
11128,2,0,0,0.9286432266235352,0.9207179546356201,[0.9207179546356201]
11128,2,0,0,0.4122788906097412,0.41197824478149414,[0.41197824478149414]
11128,2,0,0,0.4070100784301758,0.40673279762268066,[0.40673279762268066]
11128,2,0,0,0.49805760383605957,0.49326157569885254,[0.49326157569885254]
11128,2,0,0,0.6192328929901123,0.6108908653259277,[0.6108908653259277]
11128,2,0,0,0.6208364963531494,0.6204853057861328,[0.6204853057861328]
11128,2,0,0,0.42990946769714355,0.42964792251586914,[0.42964792251586914]
11128,2,0,0,0.47458553314208984,0.4711315631866455,[0.4711315631866455]
11128,2,0,0,2.302685499191284,2.295442581176758,[2.295442581176758]
11128,2,0,0,0.47728872299194336,0.47702908515930176,[0.47702908515930176]
11128,2,0,0,0.7435007095336914,0.7430136203765869,[0.7430136203765869]
11128,2,0,0,0.586651086807251,0.5863268375396729,[0.5863268375396729]
11128,2,0,0,1.0257914066314697,1.0249221324920654,[1.0249221324920654]
11128,2,0,0,0.5710296630859375,0.5570316314697266,[0.5570316314697266]
11128,2,0,0,0.4475247859954834,0.447251558303833,[0.447251558303833]
11128,2,0,0,0.4110407829284668,0.4107706546783447,[0.4107706546783447]
11128,2,0,0,1.8395147323608398,1.8391940593719482,[1.8391940593719482]
11128,2,0,0,0.8184118270874023,0.8181498050689697,[0.8181498050689697]
11128,2,0,0,1.4715189933776855,1.4557244777679443,[1.4557244777679443]
11128,2,0,0,2.1340978145599365,2.125082015991211,[2.125082015991211]
11128,2,0,0,0.4905996322631836,0.4871072769165039,[0.4871072769165039]
11128,2,0,0,1.4313554763793945,1.4310519695281982,[1.4310519695281982]
11128,2,0,0,0.771658182144165,0.7675020694732666,[0.7675020694732666]
11128,2,0,0,0.6492047309875488,0.6481480598449707,[0.6481480598449707]
11128,2,0,0,0.5258855819702148,0.5256085395812988,[0.5256085395812988]
11128,2,0,0,0.8512418270111084,0.8487510681152344,[0.8487510681152344]
11128,2,0,0,0.997514009475708,0.9710428714752197,[0.9710428714752197]
11128,2,0,0,0.6053524017333984,0.6050281524658203,[0.6050281524658203]
11128,2,0,0,0.5119874477386475,0.5109984874725342,[0.5109984874725342]
11128,2,0,0,0.48136019706726074,0.4742307662963867,[0.4742307662963867]
11128,2,0,0,0.542285680770874,0.5420067310333252,[0.5420067310333252]
11128,2,0,0,0.40579891204833984,0.40551233291625977,[0.40551233291625977]
11128,2,0,0,0.7357769012451172,0.7349293231964111,[0.7349293231964111]
11128,2,0,0,0.389056921005249,0.38875412940979004,[0.38875412940979004]
11128,2,0,0,0.5111138820648193,0.5108358860015869,[0.5108358860015869]
11128,2,0,0,1.0239698886871338,1.0236403942108154,[1.0236403942108154]
11128,2,0,0,0.5807664394378662,0.5713143348693848,[0.5713143348693848]
11128,2,0,0,0.8523149490356445,0.8471028804779053,[0.8471028804779053]
12118,2,0,0,0.6520757675170898,0.650625467300415,[0.650625467300415]
12118,2,0,0,0.8802835941314697,0.8792939186096191,[0.8792939186096191]
12118,2,0,0,1.1260559558868408,1.1250183582305908,[1.1250183582305908]
12118,2,0,0,0.7751469612121582,0.7748255729675293,[0.7748255729675293]
12118,2,0,0,0.6856074333190918,0.6691632270812988,[0.6691632270812988]
12118,2,0,0,0.6569478511810303,0.6494002342224121,[0.6494002342224121]
12118,2,0,0,0.43215298652648926,0.4310448169708252,[0.4310448169708252]
12118,2,0,0,0.44446778297424316,0.4401829242706299,[0.4401829242706299]
12118,2,0,0,0.9913985729217529,0.9910702705383301,[0.9910702705383301]
12118,2,0,0,0.9505953788757324,0.9465563297271729,[0.9465563297271729]
12118,2,0,0,0.567620038986206,0.5579268932342529,[0.5579268932342529]
12118,2,0,0,0.5396466255187988,0.5392649173736572,[0.5392649173736572]
12118,2,0,0,0.4502074718475342,0.44675111770629883,[0.44675111770629883]
12118,2,0,0,0.42198967933654785,0.42163896560668945,[0.42163896560668945]
12118,2,0,0,1.045881986618042,1.0408103466033936,[1.0408103466033936]
12118,2,0,0,0.8296055793762207,0.8293089866638184,[0.8293089866638184]
12118,2,0,0,0.44936704635620117,0.44136929512023926,[0.44136929512023926]
12118,2,0,0,0.498396635055542,0.4908764362335205,[0.4908764362335205]
12118,2,0,0,0.6145687103271484,0.6040933132171631,[0.6040933132171631]
12118,2,0,0,1.9265539646148682,1.9158735275268555,[1.9158735275268555]
12118,2,0,0,0.3847050666809082,0.3815493583679199,[0.3815493583679199]
12118,2,0,0,1.3624927997589111,1.344999074935913,[1.344999074935913]
12118,2,0,0,0.8496832847595215,0.8302295207977295,[0.8302295207977295]
12118,2,0,0,0.4818122386932373,0.47845458984375,[0.47845458984375]
12118,2,0,0,0.6502242088317871,0.6397135257720947,[0.6397135257720947]
12118,2,0,0,0.5380496978759766,0.5340545177459717,[0.5340545177459717]
12118,2,0,0,0.5320358276367188,0.5317473411560059,[0.5317473411560059]
12118,2,0,0,0.8885917663574219,0.8780293464660645,[0.8780293464660645]
12118,2,0,0,0.5384488105773926,0.5381393432617188,[0.5381393432617188]
12118,2,0,0,0.5896904468536377,0.58282470703125,[0.58282470703125]
12118,2,0,0,0.4396226406097412,0.4393308162689209,[0.4393308162689209]
12118,2,0,0,0.5111892223358154,0.5102553367614746,[0.5102553367614746]
12118,2,0,0,0.8824806213378906,0.8791375160217285,[0.8791375160217285]
12118,2,0,0,0.6608424186706543,0.6529271602630615,[0.6529271602630615]
12118,2,0,0,0.5417835712432861,0.541478157043457,[0.541478157043457]
12118,2,0,0,0.4700610637664795,0.4697611331939697,[0.4697611331939697]
12118,2,0,0,0.6161544322967529,0.6152527332305908,[0.6152527332305908]
12118,2,0,0,0.5125527381896973,0.5076470375061035,[0.5076470375061035]
12118,2,0,0,0.4427456855773926,0.442385196685791,[0.442385196685791]
12118,2,0,0,0.4874906539916992,0.48120832443237305,[0.48120832443237305]
12118,2,0,0,0.7247745990753174,0.7197566032409668,[0.7197566032409668]
12118,2,0,0,0.5940077304840088,0.5936834812164307,[0.5936834812164307]
12118,2,0,0,0.5103518962860107,0.5093488693237305,[0.5093488693237305]
12118,2,0,0,0.6695065498352051,0.6657788753509521,[0.6657788753509521]
12118,2,0,0,0.8610954284667969,0.8608283996582031,[0.8608283996582031]
12118,2,0,0,0.6744370460510254,0.6670453548431396,[0.6670453548431396]
12118,2,0,0,0.6019153594970703,0.5986652374267578,[0.5986652374267578]
12118,2,0,0,0.5825598239898682,0.5814635753631592,[0.5814635753631592]
12118,2,0,0,0.5950436592102051,0.5923058986663818,[0.5923058986663818]
12118,2,0,0,0.51031494140625,0.5100505352020264,[0.5100505352020264]
13104,2,0,0,0.7152576446533203,0.7149665355682373,[0.7149665355682373]
13104,2,0,0,1.1181833744049072,1.110154151916504,[1.110154151916504]
13104,2,0,0,0.7254371643066406,0.7245433330535889,[0.7245433330535889]
13104,2,0,0,0.43173861503601074,0.42498302459716797,[0.42498302459716797]
13104,2,0,0,0.8960418701171875,0.8957529067993164,[0.8957529067993164]
13104,2,0,0,0.716372013092041,0.715430498123169,[0.715430498123169]
13104,2,0,0,0.4084029197692871,0.40748000144958496,[0.40748000144958496]
13104,2,0,0,0.38408875465393066,0.3777003288269043,[0.3777003288269043]
13104,2,0,0,0.8887791633605957,0.8861291408538818,[0.8861291408538818]
13104,2,0,0,0.6959774494171143,0.6956002712249756,[0.6956002712249756]
13104,2,0,0,0.8911309242248535,0.890794038772583,[0.890794038772583]
13104,2,0,0,0.659876823425293,0.6589932441711426,[0.6589932441711426]
13104,2,0,0,0.46427488327026367,0.46369481086730957,[0.46369481086730957]
13104,2,0,0,0.43774867057800293,0.43666744232177734,[0.43666744232177734]
13104,2,0,0,0.5855159759521484,0.5852210521697998,[0.5852210521697998]
13104,2,0,0,0.6562957763671875,0.6481626033782959,[0.6481626033782959]
13104,2,0,0,0.46721792221069336,0.46695709228515625,[0.46695709228515625]
13104,2,0,0,0.5189990997314453,0.5150315761566162,[0.5150315761566162]
13104,2,0,0,0.49344778060913086,0.49309539794921875,[0.49309539794921875]
13104,2,0,0,0.4231595993041992,0.41905999183654785,[0.41905999183654785]
13104,2,0,0,0.6096651554107666,0.6093854904174805,[0.6093854904174805]
13104,2,0,0,0.49326133728027344,0.48807764053344727,[0.48807764053344727]
13104,2,0,0,0.8385710716247559,0.8374989032745361,[0.8374989032745361]
13104,2,0,0,0.9357872009277344,0.9316375255584717,[0.9316375255584717]
13104,2,0,0,0.49837231636047363,0.4940950870513916,[0.4940950870513916]
13104,2,0,0,0.7627170085906982,0.7593615055084229,[0.7593615055084229]
13104,2,0,0,0.5618693828582764,0.5615923404693604,[0.5615923404693604]
13104,2,0,0,0.7171061038970947,0.716660737991333,[0.716660737991333]
13104,2,0,0,0.5037140846252441,0.5007479190826416,[0.5007479190826416]
13104,2,0,0,1.4379355907440186,1.437669277191162,[1.437669277191162]
13104,2,0,0,1.845247507095337,1.8442776203155518,[1.8442776203155518]
13104,2,0,0,0.40505027770996094,0.4047982692718506,[0.4047982692718506]
13104,2,0,0,0.8223071098327637,0.8213191032409668,[0.8213191032409668]
13104,2,0,0,0.9186835289001465,0.9177343845367432,[0.9177343845367432]
13104,2,0,0,0.6108736991882324,0.6106109619140625,[0.6106109619140625]
13104,2,0,0,0.6153643131256104,0.6151001453399658,[0.6151001453399658]
13104,2,0,0,0.5800275802612305,0.579683780670166,[0.579683780670166]
13104,2,0,0,0.546959638595581,0.5458993911743164,[0.5458993911743164]
13104,2,0,0,1.0002598762512207,0.9915933609008789,[0.9915933609008789]
13104,2,0,0,0.4374654293060303,0.4286794662475586,[0.4286794662475586]
13104,2,0,0,0.3995499610900879,0.39911556243896484,[0.39911556243896484]
13104,2,0,0,0.5106616020202637,0.5102670192718506,[0.5102670192718506]
13104,2,0,0,1.441131353378296,1.43865966796875,[1.43865966796875]
13104,2,0,0,0.7231230735778809,0.7086629867553711,[0.7086629867553711]
13104,2,0,0,1.3346092700958252,1.3308343887329102,[1.3308343887329102]
13104,2,0,0,0.6964268684387207,0.6960151195526123,[0.6960151195526123]
13104,2,0,0,0.5151782035827637,0.5148744583129883,[0.5148744583129883]
13104,2,0,0,0.6083824634552002,0.6080827713012695,[0.6080827713012695]
13104,2,0,0,0.9220325946807861,0.9217751026153564,[0.9217751026153564]
13104,2,0,0,0.5111567974090576,0.5108518600463867,[0.5108518600463867]
14120,2,0,0,0.819922924041748,0.8196163177490234,[0.8196163177490234]
14120,2,0,0,0.5100734233856201,0.5097243785858154,[0.5097243785858154]
14120,2,0,0,0.7701551914215088,0.7692101001739502,[0.7692101001739502]
14120,2,0,0,0.7639551162719727,0.7634997367858887,[0.7634997367858887]
14120,2,0,0,0.7134649753570557,0.7131736278533936,[0.7131736278533936]
14120,2,0,0,0.6196653842926025,0.6129288673400879,[0.6129288673400879]
14120,2,0,0,0.608889102935791,0.6086437702178955,[0.6086437702178955]
14120,2,0,0,0.5867464542388916,0.5806825160980225,[0.5806825160980225]
14120,2,0,0,0.43747806549072266,0.4365577697753906,[0.4365577697753906]
14120,2,0,0,0.48690247535705566,0.48052477836608887,[0.48052477836608887]
14120,2,0,0,0.8399159908294678,0.8396141529083252,[0.8396141529083252]
14120,2,0,0,0.6159520149230957,0.6149563789367676,[0.6149563789367676]
14120,2,0,0,0.47767066955566406,0.4760136604309082,[0.4760136604309082]
14120,2,0,0,0.840440034866333,0.8386380672454834,[0.8386380672454834]
14120,2,0,0,0.520148515701294,0.5197641849517822,[0.5197641849517822]
14120,2,0,0,0.7128579616546631,0.7118709087371826,[0.7118709087371826]
14120,2,0,0,0.7485201358795166,0.7342228889465332,[0.7342228889465332]
14120,2,0,0,0.4575526714324951,0.4528384208679199,[0.4528384208679199]
14120,2,0,0,0.448347806930542,0.4461033344268799,[0.4461033344268799]
14120,2,0,0,0.5605089664459229,0.5596048831939697,[0.5596048831939697]
14120,2,0,0,0.6511659622192383,0.6508798599243164,[0.6508798599243164]
14120,2,0,0,0.5781295299530029,0.5751430988311768,[0.5751430988311768]
14120,2,0,0,0.5220112800598145,0.519920825958252,[0.519920825958252]
14120,2,0,0,0.6535069942474365,0.6531672477722168,[0.6531672477722168]
14120,2,0,0,1.1077070236206055,1.1074399948120117,[1.1074399948120117]
14120,2,0,0,0.5488862991333008,0.5412237644195557,[0.5412237644195557]
14120,2,0,0,0.5154950618743896,0.5093557834625244,[0.5093557834625244]
14120,2,0,0,0.4709956645965576,0.4707067012786865,[0.4707067012786865]
14120,2,0,0,0.49621033668518066,0.4890613555908203,[0.4890613555908203]
14120,2,0,0,0.42311668395996094,0.42284512519836426,[0.42284512519836426]
14120,2,0,0,0.5149624347686768,0.5146849155426025,[0.5146849155426025]
14120,2,0,0,0.6139817237854004,0.6130690574645996,[0.6130690574645996]
14120,2,0,0,0.5930216312408447,0.5927307605743408,[0.5927307605743408]
14120,2,0,0,0.5456161499023438,0.5431416034698486,[0.5431416034698486]
14120,2,0,0,1.0598385334014893,1.0349464416503906,[1.0349464416503906]
14120,2,0,0,0.4928140640258789,0.49251556396484375,[0.49251556396484375]
14120,2,0,0,0.516148567199707,0.510784387588501,[0.510784387588501]
14120,2,0,0,0.47115445137023926,0.46909046173095703,[0.46909046173095703]
14120,2,0,0,0.5105986595153809,0.5103347301483154,[0.5103347301483154]
14120,2,0,0,0.4815502166748047,0.47304868698120117,[0.47304868698120117]
14120,2,0,0,0.541527509689331,0.5410590171813965,[0.5410590171813965]
14120,2,0,0,0.6126894950866699,0.6123967170715332,[0.6123967170715332]
14120,2,0,0,0.6165335178375244,0.6162383556365967,[0.6162383556365967]
14120,2,0,0,1.3273015022277832,1.326915979385376,[1.326915979385376]
14120,2,0,0,0.4364314079284668,0.432934045791626,[0.432934045791626]
14120,2,0,0,0.595137357711792,0.5908334255218506,[0.5908334255218506]
14120,2,0,0,0.5246663093566895,0.5038995742797852,[0.5038995742797852]
14120,2,0,0,0.49170804023742676,0.48975157737731934,[0.48975157737731934]
14120,2,0,0,0.5220751762390137,0.5194849967956543,[0.5194849967956543]
14120,2,0,0,0.6153254508972168,0.608569860458374,[0.608569860458374]
15113,2,0,0,0.8032281398773193,0.8028526306152344,[0.8028526306152344]
15113,2,0,0,0.9332315921783447,0.9274489879608154,[0.9274489879608154]
15113,2,0,0,0.5001077651977539,0.49706077575683594,[0.49706077575683594]
15113,2,0,0,0.509554386138916,0.5092828273773193,[0.5092828273773193]
15113,2,0,0,1.431626558303833,1.4313554763793945,[1.4313554763793945]
15113,2,0,0,0.5603513717651367,0.5439167022705078,[0.5439167022705078]
15113,2,0,0,0.948979377746582,0.9466264247894287,[0.9466264247894287]
15113,2,0,0,0.6410994529724121,0.6401863098144531,[0.6401863098144531]
15113,2,0,0,1.367262363433838,1.3616206645965576,[1.3616206645965576]
15113,2,0,0,0.8114938735961914,0.8045752048492432,[0.8045752048492432]
15113,2,0,0,0.564424991607666,0.5618915557861328,[0.5618915557861328]
15113,2,0,0,0.6331498622894287,0.6310520172119141,[0.6310520172119141]
15113,2,0,0,0.5489597320556641,0.5453474521636963,[0.5453474521636963]
15113,2,0,0,0.7776319980621338,0.7773518562316895,[0.7773518562316895]
15113,2,0,0,0.513716459274292,0.5126142501831055,[0.5126142501831055]
15113,2,0,0,0.7800838947296143,0.7725858688354492,[0.7725858688354492]
15113,2,0,0,0.8526995182037354,0.8524339199066162,[0.8524339199066162]
15113,2,0,0,0.54136061668396,0.5375039577484131,[0.5375039577484131]
15113,2,0,0,0.4829366207122803,0.48194003105163574,[0.48194003105163574]
15113,2,0,0,0.4053521156311035,0.4050774574279785,[0.4050774574279785]
15113,2,0,0,0.9242181777954102,0.9232916831970215,[0.9232916831970215]
15113,2,0,0,0.712125301361084,0.7118806838989258,[0.7118806838989258]
15113,2,0,0,0.5701723098754883,0.5698912143707275,[0.5698912143707275]
15113,2,0,0,0.5551621913909912,0.554720401763916,[0.554720401763916]
15113,2,0,0,0.4870140552520752,0.48661017417907715,[0.48661017417907715]
15113,2,0,0,0.5349981784820557,0.5347044467926025,[0.5347044467926025]
15113,2,0,0,0.8227944374084473,0.8217461109161377,[0.8217461109161377]
15113,2,0,0,0.522632360458374,0.5173959732055664,[0.5173959732055664]
15113,2,0,0,0.5836350917816162,0.582587480545044,[0.582587480545044]
15113,2,0,0,0.48873019218444824,0.4876224994659424,[0.4876224994659424]
15113,2,0,0,0.4421241283416748,0.4418208599090576,[0.4418208599090576]
15113,2,0,0,0.5973508358001709,0.5920531749725342,[0.5920531749725342]
15113,2,0,0,0.5297155380249023,0.5294091701507568,[0.5294091701507568]
15113,2,0,0,0.5097873210906982,0.5093896389007568,[0.5093896389007568]
15113,2,0,0,0.614612340927124,0.6143107414245605,[0.6143107414245605]
15113,2,0,0,0.714728593826294,0.7144613265991211,[0.7144613265991211]
15113,2,0,0,0.5143468379974365,0.5139937400817871,[0.5139937400817871]
15113,5,0,0,0.6246418952941895,0.6122856140136719,"[0.6122856140136719, 0.0003638267517089844, 0.005240440368652344, 0.0004000663757324219]"
15113,2,0,0,0.699683666229248,0.6926827430725098,[0.6926827430725098]
15113,2,0,0,0.5148077011108398,0.5139267444610596,[0.5139267444610596]
15113,2,0,0,0.8310806751251221,0.8307936191558838,[0.8307936191558838]
15113,2,0,0,0.5618743896484375,0.55539870262146,[0.55539870262146]
15113,2,0,0,0.4698770046234131,0.46611642837524414,[0.46611642837524414]
15113,2,0,0,0.6909160614013672,0.6906507015228271,[0.6906507015228271]
15113,2,0,0,0.716571569442749,0.7162919044494629,[0.7162919044494629]
15113,2,0,0,0.7164304256439209,0.7161519527435303,[0.7161519527435303]
15113,2,0,0,0.6150977611541748,0.6148152351379395,[0.6148152351379395]
15113,2,0,0,0.5108413696289062,0.5103638172149658,[0.5103638172149658]
15113,2,0,0,0.5164363384246826,0.5125691890716553,[0.5125691890716553]
15113,2,0,0,0.6077446937561035,0.6074674129486084,[0.6074674129486084]
